-- MySQL Script generated by MySQL Workbench
-- Sat Nov  9 12:46:35 2019
-- Model: New Model    Version: 1.0
-- MySQL Workbench Forward Engineering

SET @OLD_UNIQUE_CHECKS=@@UNIQUE_CHECKS, UNIQUE_CHECKS=0;
SET @OLD_FOREIGN_KEY_CHECKS=@@FOREIGN_KEY_CHECKS, FOREIGN_KEY_CHECKS=0;
SET @OLD_SQL_MODE=@@SQL_MODE, SQL_MODE='ONLY_FULL_GROUP_BY,STRICT_TRANS_TABLES,NO_ZERO_IN_DATE,NO_ZERO_DATE,ERROR_FOR_DIVISION_BY_ZERO,NO_ENGINE_SUBSTITUTION';

-- -----------------------------------------------------
-- Schema carsales
-- -----------------------------------------------------
-- Database of car sales on diplom work
-- 

-- -----------------------------------------------------
-- Schema carsales
--
-- Database of car sales on diplom work
-- 
-- -----------------------------------------------------
CREATE SCHEMA IF NOT EXISTS `carsales` DEFAULT CHARACTER SET utf8 COLLATE utf8_bin ;
USE `carsales` ;

-- -----------------------------------------------------
-- Table `carsales`.`roles`
-- -----------------------------------------------------
CREATE TABLE IF NOT EXISTS `carsales`.`roles` (
  `idroles` INT NOT NULL,
  `role_name` VARCHAR(16) NOT NULL,
  PRIMARY KEY (`idroles`))
ENGINE = InnoDB;


-- -----------------------------------------------------
-- Table `carsales`.`user`
-- -----------------------------------------------------
CREATE TABLE IF NOT EXISTS `carsales`.`user` (
  `iduser` INT NOT NULL AUTO_INCREMENT COMMENT 'user id',
  `user_name` VARCHAR(16) NOT NULL COMMENT 'Placed users names here',
  `user_surname` VARCHAR(20) NOT NULL,
  `password` VARCHAR(32) NOT NULL,
  `email` VARCHAR(255) NULL,
  `roles_idroles` INT NOT NULL,
  PRIMARY KEY (`iduser`),
  INDEX `fk_user_roles1_idx` (`roles_idroles` ASC) VISIBLE,
  CONSTRAINT `fk_user_roles1`
    FOREIGN KEY (`roles_idroles`)
    REFERENCES `carsales`.`roles` (`idroles`)
    ON DELETE NO ACTION
    ON UPDATE NO ACTION)
ENGINE = InnoDB;


-- -----------------------------------------------------
-- Table `carsales`.`Car_Manufacture`
-- -----------------------------------------------------
CREATE TABLE IF NOT EXISTS `carsales`.`Car_Manufacture` (
  `idCar_Manufacture` INT NOT NULL AUTO_INCREMENT,
  `Car_Manufacture_name` VARCHAR(45) NOT NULL DEFAULT 'like a Ford, Toyota, etc.',
  PRIMARY KEY (`idCar_Manufacture`),
  UNIQUE INDEX `idCar_Manufacture_UNIQUE` (`idCar_Manufacture` ASC) VISIBLE)
ENGINE = InnoDB;


-- -----------------------------------------------------
-- Table `carsales`.`Car_Model`
-- -----------------------------------------------------
CREATE TABLE IF NOT EXISTS `carsales`.`Car_Model` (
  `idCar_Model` INT NOT NULL AUTO_INCREMENT,
  `Car_Model_name` VARCHAR(30) NOT NULL DEFAULT 'like a Camry,Focus, etc.',
  `Car_Manufacture_idCar_Manufacture` INT NOT NULL,
  PRIMARY KEY (`idCar_Model`),
  INDEX `fk_Car_Model_Car_Manufacture1_idx` (`Car_Manufacture_idCar_Manufacture` ASC) VISIBLE,
  UNIQUE INDEX `idCar_Model_UNIQUE` (`idCar_Model` ASC) VISIBLE,
  CONSTRAINT `fk_Car_Model_Car_Manufacture1`
    FOREIGN KEY (`Car_Manufacture_idCar_Manufacture`)
    REFERENCES `carsales`.`Car_Manufacture` (`idCar_Manufacture`)
    ON DELETE NO ACTION
    ON UPDATE NO ACTION)
ENGINE = InnoDB;


-- -----------------------------------------------------
-- Table `carsales`.`Fuel_type`
-- -----------------------------------------------------
CREATE TABLE IF NOT EXISTS `carsales`.`Fuel_type` (
  `idFuel_type` INT NOT NULL AUTO_INCREMENT,
  `Fuel_type_name` VARCHAR(30) NOT NULL DEFAULT 'named of fuel',
  PRIMARY KEY (`idFuel_type`),
  UNIQUE INDEX `idFuel_type_UNIQUE` (`idFuel_type` ASC) VISIBLE)
ENGINE = InnoDB;


-- -----------------------------------------------------
-- Table `carsales`.`Transmission_type`
-- -----------------------------------------------------
CREATE TABLE IF NOT EXISTS `carsales`.`Transmission_type` (
  `idTransmission_type` INT NOT NULL AUTO_INCREMENT,
  `Transmission_type_name` VARCHAR(45) NOT NULL DEFAULT 'name of transmission',
  PRIMARY KEY (`idTransmission_type`),
  UNIQUE INDEX `idTransmission_type_UNIQUE` (`idTransmission_type` ASC) VISIBLE)
ENGINE = InnoDB;


-- -----------------------------------------------------
-- Table `carsales`.`country`
-- -----------------------------------------------------
CREATE TABLE IF NOT EXISTS `carsales`.`country` (
  `idcountry` INT NOT NULL AUTO_INCREMENT,
  `country_name` VARCHAR(45) NOT NULL,
  PRIMARY KEY (`idcountry`),
  UNIQUE INDEX `idcountry_UNIQUE` (`idcountry` ASC) VISIBLE)
ENGINE = InnoDB;


-- -----------------------------------------------------
-- Table `carsales`.`city`
-- -----------------------------------------------------
CREATE TABLE IF NOT EXISTS `carsales`.`city` (
  `idcity` INT NOT NULL,
  `city` VARCHAR(45) NOT NULL,
  `country_idcountry` INT NOT NULL,
  PRIMARY KEY (`idcity`),
  INDEX `fk_city_country1_idx` (`country_idcountry` ASC) VISIBLE,
  CONSTRAINT `fk_city_country1`
    FOREIGN KEY (`country_idcountry`)
    REFERENCES `carsales`.`country` (`idcountry`)
    ON DELETE NO ACTION
    ON UPDATE NO ACTION)
ENGINE = InnoDB;


-- -----------------------------------------------------
-- Table `carsales`.`Car_For_Sale`
-- -----------------------------------------------------
CREATE TABLE IF NOT EXISTS `carsales`.`Car_For_Sale` (
  `idCar_For_Sale` INT NOT NULL AUTO_INCREMENT,
  `Car_Manufacture_idCar_Manufacture` INT NOT NULL,
  `user_iduser` INT NOT NULL,
  `Car_Model_idCar_Model` INT NOT NULL,
  `Fuel_type_idFuel_type` INT NOT NULL,
  `Transmission_type_idTransmission_type` INT NOT NULL,
  `country_idcountry` INT NOT NULL,
  `city_idcity` INT NOT NULL,
  `price` INT NOT NULL,
  `Registration_year` YEAR(4) NOT NULL,
  PRIMARY KEY (`idCar_For_Sale`),
  INDEX `fk_OFFER_Car_Manufacture1_idx` (`Car_Manufacture_idCar_Manufacture` ASC) VISIBLE,
  INDEX `fk_OFFER_user1_idx` (`user_iduser` ASC) VISIBLE,
  INDEX `fk_OFFER_Car_Model1_idx` (`Car_Model_idCar_Model` ASC) VISIBLE,
  INDEX `fk_OFFER_Fuel_type1_idx` (`Fuel_type_idFuel_type` ASC) VISIBLE,
  INDEX `fk_OFFER_Transmission_type1_idx` (`Transmission_type_idTransmission_type` ASC) VISIBLE,
  INDEX `fk_OFFER_country1_idx` (`country_idcountry` ASC) VISIBLE,
  INDEX `fk_OFFER_city1_idx` (`city_idcity` ASC) VISIBLE,
  UNIQUE INDEX `idCar_For_Sale_UNIQUE` (`idCar_For_Sale` ASC) VISIBLE,
  CONSTRAINT `fk_OFFER_Car_Manufacture1`
    FOREIGN KEY (`Car_Manufacture_idCar_Manufacture`)
    REFERENCES `carsales`.`Car_Manufacture` (`idCar_Manufacture`)
    ON DELETE NO ACTION
    ON UPDATE NO ACTION,
  CONSTRAINT `fk_OFFER_user1`
    FOREIGN KEY (`user_iduser`)
    REFERENCES `carsales`.`user` (`iduser`)
    ON DELETE NO ACTION
    ON UPDATE NO ACTION,
  CONSTRAINT `fk_OFFER_Car_Model1`
    FOREIGN KEY (`Car_Model_idCar_Model`)
    REFERENCES `carsales`.`Car_Model` (`idCar_Model`)
    ON DELETE NO ACTION
    ON UPDATE NO ACTION,
  CONSTRAINT `fk_OFFER_Fuel_type1`
    FOREIGN KEY (`Fuel_type_idFuel_type`)
    REFERENCES `carsales`.`Fuel_type` (`idFuel_type`)
    ON DELETE NO ACTION
    ON UPDATE NO ACTION,
  CONSTRAINT `fk_OFFER_Transmission_type1`
    FOREIGN KEY (`Transmission_type_idTransmission_type`)
    REFERENCES `carsales`.`Transmission_type` (`idTransmission_type`)
    ON DELETE NO ACTION
    ON UPDATE NO ACTION,
  CONSTRAINT `fk_OFFER_country1`
    FOREIGN KEY (`country_idcountry`)
    REFERENCES `carsales`.`country` (`idcountry`)
    ON DELETE NO ACTION
    ON UPDATE NO ACTION,
  CONSTRAINT `fk_OFFER_city1`
    FOREIGN KEY (`city_idcity`)
    REFERENCES `carsales`.`city` (`idcity`)
    ON DELETE NO ACTION
    ON UPDATE NO ACTION)
ENGINE = InnoDB;


SET SQL_MODE=@OLD_SQL_MODE;
SET FOREIGN_KEY_CHECKS=@OLD_FOREIGN_KEY_CHECKS;
SET UNIQUE_CHECKS=@OLD_UNIQUE_CHECKS;

-- -----------------------------------------------------
-- Data for table `carsales`.`Car_Manufacture`
-- -----------------------------------------------------
START TRANSACTION;
USE `carsales`;
INSERT INTO `carsales`.`Car_Manufacture` (`idCar_Manufacture`, `Car_Manufacture_name`) VALUES (1, 'Audi');
INSERT INTO `carsales`.`Car_Manufacture` (`idCar_Manufacture`, `Car_Manufacture_name`) VALUES (2, 'BMW');
INSERT INTO `carsales`.`Car_Manufacture` (`idCar_Manufacture`, `Car_Manufacture_name`) VALUES (3, 'Chevrolet');
INSERT INTO `carsales`.`Car_Manufacture` (`idCar_Manufacture`, `Car_Manufacture_name`) VALUES (4, 'Ford');
INSERT INTO `carsales`.`Car_Manufacture` (`idCar_Manufacture`, `Car_Manufacture_name`) VALUES (5, 'Kia');
INSERT INTO `carsales`.`Car_Manufacture` (`idCar_Manufacture`, `Car_Manufacture_name`) VALUES (6, 'Mazda');
INSERT INTO `carsales`.`Car_Manufacture` (`idCar_Manufacture`, `Car_Manufacture_name`) VALUES (7, 'Opel');
INSERT INTO `carsales`.`Car_Manufacture` (`idCar_Manufacture`, `Car_Manufacture_name`) VALUES (8, DEFAULT);

COMMIT;


-- -----------------------------------------------------
-- Data for table `carsales`.`Car_Model`
-- -----------------------------------------------------
START TRANSACTION;
USE `carsales`;
INSERT INTO `carsales`.`Car_Model` (`idCar_Model`, `Car_Model_name`, `Car_Manufacture_idCar_Manufacture`) VALUES (1, 'TT', 1);
INSERT INTO `carsales`.`Car_Model` (`idCar_Model`, `Car_Model_name`, `Car_Manufacture_idCar_Manufacture`) VALUES (2, 'Q7', 1);
INSERT INTO `carsales`.`Car_Model` (`idCar_Model`, `Car_Model_name`, `Car_Manufacture_idCar_Manufacture`) VALUES (3, 'A6', 1);
INSERT INTO `carsales`.`Car_Model` (`idCar_Model`, `Car_Model_name`, `Car_Manufacture_idCar_Manufacture`) VALUES (4, 'GT', 1);
INSERT INTO `carsales`.`Car_Model` (`idCar_Model`, `Car_Model_name`, `Car_Manufacture_idCar_Manufacture`) VALUES (5, 'X6', 2);
INSERT INTO `carsales`.`Car_Model` (`idCar_Model`, `Car_Model_name`, `Car_Manufacture_idCar_Manufacture`) VALUES (6, 'X4', 2);
INSERT INTO `carsales`.`Car_Model` (`idCar_Model`, `Car_Model_name`, `Car_Manufacture_idCar_Manufacture`) VALUES (7, 'X2', 2);
INSERT INTO `carsales`.`Car_Model` (`idCar_Model`, `Car_Model_name`, `Car_Manufacture_idCar_Manufacture`) VALUES (8, '320', 2);
INSERT INTO `carsales`.`Car_Model` (`idCar_Model`, `Car_Model_name`, `Car_Manufacture_idCar_Manufacture`) VALUES (9, '720', 2);
INSERT INTO `carsales`.`Car_Model` (`idCar_Model`, `Car_Model_name`, `Car_Manufacture_idCar_Manufacture`) VALUES (10, 'Camaro', 3);
INSERT INTO `carsales`.`Car_Model` (`idCar_Model`, `Car_Model_name`, `Car_Manufacture_idCar_Manufacture`) VALUES (12, 'Captiva', 3);
INSERT INTO `carsales`.`Car_Model` (`idCar_Model`, `Car_Model_name`, `Car_Manufacture_idCar_Manufacture`) VALUES (13, 'Colorado', 3);
INSERT INTO `carsales`.`Car_Model` (`idCar_Model`, `Car_Model_name`, `Car_Manufacture_idCar_Manufacture`) VALUES (14, 'Evanda', 3);
INSERT INTO `carsales`.`Car_Model` (`idCar_Model`, `Car_Model_name`, `Car_Manufacture_idCar_Manufacture`) VALUES (15, 'Lacetti', 3);
INSERT INTO `carsales`.`Car_Model` (`idCar_Model`, `Car_Model_name`, `Car_Manufacture_idCar_Manufacture`) VALUES (16, 'Aveo', 3);
INSERT INTO `carsales`.`Car_Model` (`idCar_Model`, `Car_Model_name`, `Car_Manufacture_idCar_Manufacture`) VALUES (17, 'Escape', 4);
INSERT INTO `carsales`.`Car_Model` (`idCar_Model`, `Car_Model_name`, `Car_Manufacture_idCar_Manufacture`) VALUES (18, 'Focus', 4);
INSERT INTO `carsales`.`Car_Model` (`idCar_Model`, `Car_Model_name`, `Car_Manufacture_idCar_Manufacture`) VALUES (19, 'Mondeo', 4);
INSERT INTO `carsales`.`Car_Model` (`idCar_Model`, `Car_Model_name`, `Car_Manufacture_idCar_Manufacture`) VALUES (20, 'Kuga', 4);
INSERT INTO `carsales`.`Car_Model` (`idCar_Model`, `Car_Model_name`, `Car_Manufacture_idCar_Manufacture`) VALUES (21, 'Ceed', 5);
INSERT INTO `carsales`.`Car_Model` (`idCar_Model`, `Car_Model_name`, `Car_Manufacture_idCar_Manufacture`) VALUES (22, 'Cerato', 5);
INSERT INTO `carsales`.`Car_Model` (`idCar_Model`, `Car_Model_name`, `Car_Manufacture_idCar_Manufacture`) VALUES (23, 'Rio', 5);
INSERT INTO `carsales`.`Car_Model` (`idCar_Model`, `Car_Model_name`, `Car_Manufacture_idCar_Manufacture`) VALUES (24, 'Sorento', 5);
INSERT INTO `carsales`.`Car_Model` (`idCar_Model`, `Car_Model_name`, `Car_Manufacture_idCar_Manufacture`) VALUES (25, 'Sportage', 5);
INSERT INTO `carsales`.`Car_Model` (`idCar_Model`, `Car_Model_name`, `Car_Manufacture_idCar_Manufacture`) VALUES (26, '323', 6);
INSERT INTO `carsales`.`Car_Model` (`idCar_Model`, `Car_Model_name`, `Car_Manufacture_idCar_Manufacture`) VALUES (27, '626', 6);
INSERT INTO `carsales`.`Car_Model` (`idCar_Model`, `Car_Model_name`, `Car_Manufacture_idCar_Manufacture`) VALUES (28, 'CX-3', 6);
INSERT INTO `carsales`.`Car_Model` (`idCar_Model`, `Car_Model_name`, `Car_Manufacture_idCar_Manufacture`) VALUES (29, 'CX-7', 6);
INSERT INTO `carsales`.`Car_Model` (`idCar_Model`, `Car_Model_name`, `Car_Manufacture_idCar_Manufacture`) VALUES (30, 'CX-9', 6);
INSERT INTO `carsales`.`Car_Model` (`idCar_Model`, `Car_Model_name`, `Car_Manufacture_idCar_Manufacture`) VALUES (31, 'Astra', 7);
INSERT INTO `carsales`.`Car_Model` (`idCar_Model`, `Car_Model_name`, `Car_Manufacture_idCar_Manufacture`) VALUES (32, 'Combo', 7);
INSERT INTO `carsales`.`Car_Model` (`idCar_Model`, `Car_Model_name`, `Car_Manufacture_idCar_Manufacture`) VALUES (33, 'Kadett', 7);
INSERT INTO `carsales`.`Car_Model` (`idCar_Model`, `Car_Model_name`, `Car_Manufacture_idCar_Manufacture`) VALUES (34, 'Movano', 7);
INSERT INTO `carsales`.`Car_Model` (`idCar_Model`, `Car_Model_name`, `Car_Manufacture_idCar_Manufacture`) VALUES (35, 'Vectra', 7);
INSERT INTO `carsales`.`Car_Model` (`idCar_Model`, `Car_Model_name`, `Car_Manufacture_idCar_Manufacture`) VALUES (36, 'Vivaro', 7);

COMMIT;


-- -----------------------------------------------------
-- Data for table `carsales`.`Fuel_type`
-- -----------------------------------------------------
START TRANSACTION;
USE `carsales`;
INSERT INTO `carsales`.`Fuel_type` (`idFuel_type`, `Fuel_type_name`) VALUES (1, 'Бензин');
INSERT INTO `carsales`.`Fuel_type` (`idFuel_type`, `Fuel_type_name`) VALUES (2, 'Газ');
INSERT INTO `carsales`.`Fuel_type` (`idFuel_type`, `Fuel_type_name`) VALUES (3, 'Газ/Бензин');
INSERT INTO `carsales`.`Fuel_type` (`idFuel_type`, `Fuel_type_name`) VALUES (4, 'Гибрид');
INSERT INTO `carsales`.`Fuel_type` (`idFuel_type`, `Fuel_type_name`) VALUES (5, 'Дизель');
INSERT INTO `carsales`.`Fuel_type` (`idFuel_type`, `Fuel_type_name`) VALUES (6, 'Електро');

COMMIT;


-- -----------------------------------------------------
-- Data for table `carsales`.`Transmission_type`
-- -----------------------------------------------------
START TRANSACTION;
USE `carsales`;
INSERT INTO `carsales`.`Transmission_type` (`idTransmission_type`, `Transmission_type_name`) VALUES (1, 'Ручная/Механика');
INSERT INTO `carsales`.`Transmission_type` (`idTransmission_type`, `Transmission_type_name`) VALUES (2, 'Автомат');
INSERT INTO `carsales`.`Transmission_type` (`idTransmission_type`, `Transmission_type_name`) VALUES (3, 'Типтроник');
INSERT INTO `carsales`.`Transmission_type` (`idTransmission_type`, `Transmission_type_name`) VALUES (4, 'Адаптивная');
INSERT INTO `carsales`.`Transmission_type` (`idTransmission_type`, `Transmission_type_name`) VALUES (5, 'Вариатор');

COMMIT;


-- -----------------------------------------------------
-- Data for table `carsales`.`country`
-- -----------------------------------------------------
START TRANSACTION;
USE `carsales`;
INSERT INTO `carsales`.`country` (`idcountry`, `country_name`) VALUES (1, 'Україна');
INSERT INTO `carsales`.`country` (`idcountry`, `country_name`) VALUES (2, 'Німеччина');
INSERT INTO `carsales`.`country` (`idcountry`, `country_name`) VALUES (3, 'США');

COMMIT;


-- -----------------------------------------------------
-- Data for table `carsales`.`city`
-- -----------------------------------------------------
START TRANSACTION;
USE `carsales`;
INSERT INTO `carsales`.`city` (`idcity`, `city`, `country_idcountry`) VALUES (1, 'Київ', 1);
INSERT INTO `carsales`.`city` (`idcity`, `city`, `country_idcountry`) VALUES (2, 'Вінниця', 1);
INSERT INTO `carsales`.`city` (`idcity`, `city`, `country_idcountry`) VALUES (3, 'Ужгород', 1);
INSERT INTO `carsales`.`city` (`idcity`, `city`, `country_idcountry`) VALUES (4, 'Дніпро', 1);
INSERT INTO `carsales`.`city` (`idcity`, `city`, `country_idcountry`) VALUES (5, 'Донецьк', 1);
INSERT INTO `carsales`.`city` (`idcity`, `city`, `country_idcountry`) VALUES (6, 'Житомир', 1);
INSERT INTO `carsales`.`city` (`idcity`, `city`, `country_idcountry`) VALUES (7, 'Івано-Франківськ', 1);
INSERT INTO `carsales`.`city` (`idcity`, `city`, `country_idcountry`) VALUES (8, 'Запоріжжя', 1);
INSERT INTO `carsales`.`city` (`idcity`, `city`, `country_idcountry`) VALUES (9, 'Кропивницький', 1);
INSERT INTO `carsales`.`city` (`idcity`, `city`, `country_idcountry`) VALUES (10, 'Луганськ', 1);
INSERT INTO `carsales`.`city` (`idcity`, `city`, `country_idcountry`) VALUES (11, 'Львів', 1);
INSERT INTO `carsales`.`city` (`idcity`, `city`, `country_idcountry`) VALUES (12, 'Миколаїв', 1);
INSERT INTO `carsales`.`city` (`idcity`, `city`, `country_idcountry`) VALUES (13, 'Одеса', 1);
INSERT INTO `carsales`.`city` (`idcity`, `city`, `country_idcountry`) VALUES (14, 'Полтава', 1);
INSERT INTO `carsales`.`city` (`idcity`, `city`, `country_idcountry`) VALUES (15, 'Рівне', 1);
INSERT INTO `carsales`.`city` (`idcity`, `city`, `country_idcountry`) VALUES (16, 'Суми', 1);
INSERT INTO `carsales`.`city` (`idcity`, `city`, `country_idcountry`) VALUES (17, 'Тернопіль', 1);
INSERT INTO `carsales`.`city` (`idcity`, `city`, `country_idcountry`) VALUES (18, 'Харків', 1);
INSERT INTO `carsales`.`city` (`idcity`, `city`, `country_idcountry`) VALUES (19, 'Херсон', 1);
INSERT INTO `carsales`.`city` (`idcity`, `city`, `country_idcountry`) VALUES (20, 'Хмельницький', 1);
INSERT INTO `carsales`.`city` (`idcity`, `city`, `country_idcountry`) VALUES (21, 'Черкаси', 1);
INSERT INTO `carsales`.`city` (`idcity`, `city`, `country_idcountry`) VALUES (22, 'Чернівці', 1);
INSERT INTO `carsales`.`city` (`idcity`, `city`, `country_idcountry`) VALUES (23, 'Луцьк', 1);

COMMIT;

